nan,nan,nan
-8.558267058987873099e+00,-4.142795247306237272e+00,9.884834396771559284e+00
5.015891243125599530e+00,-1.003552613335537735e+01,1.145288995834808610e+01
-5.825378931735198940e+00,-8.642056933689062248e+00,1.039329996274366508e+01
-9.150585305867577901e+00,-4.103084316698273781e+00,9.847791994687710826e+00
-7.057907782263851182e+00,5.527358510484948084e+00,8.705241396168172940e+00
-1.970144288232280383e+00,-1.087749127716481468e+01,1.079979758220599706e+01
-7.178469352687647742e+00,4.562030051449594836e+00,8.836551285007848477e+00
